"registry_id","source_alias","source_name","indicator_type","source_age_band","target_age_band","exact_overlap","required_auxiliary_data","preferred_method_code","formal_formula_or_rule","estimate_class","can_publish_18_35","blocked_reason","validation_required","method_reference_ids","source_url"
"ARC-001","DGBAS-EMP-EDU-AGE","就業者之教育程度與年齡","教育程度人數或占比","15–24；25–29；30–34；35–39…","18–35","否；18–19與35為邊界缺口","各單一年齡×教育程度的調查微資料與權數；或官方客製表；估計時另需MOI-POP1Y單齡邊際","AR-M2-SURVEY-REESTIMATE；備援AR-M3B-PCLM+AR-M3C-IPF","人數 N_e(18–35)=Σ_i w_i·I(18≤age_i≤35)·I(edu_i=e)；占比 p_e=N_e/Σ_eN_e。只有分組人數時，先以PCLM分解每一教育類別的單齡曲線，再以IPF校準至官方單齡人口邊際後加總18–35。","優先官方調查估計值；備援為模型估計值","條件式","只有百分比而無分子分母、微資料或可驗證邊際時不得轉換","與25–29官方表回算；邊界保留法回測；權數與抽樣設計查核","REF-DGBAS-HR；REF-EILERS2007；REF-DEMING1940；REF-DEVILLE1992","https://data.gov.tw/dataset/34112"
"ARC-002","DGBAS-HR-MICRODATA","人力資源調查微資料或官方客製表","勞參率、就業人口比率、失業率","單一年齡（申請取得）","18–35","是","年齡、就業狀態、失業狀態、勞動力狀態、調查權數、分層與群集識別欄位","AR-M2-SURVEY-REESTIMATE","勞參率=Σw·I(LF=1)/Σw；就業人口比率=Σw·I(E=1)/Σw；失業率=Σw·I(U=1)/Σw·I(LF=1)，三式均限制18≤age≤35，變異數依原抽樣設計估計。","官方調查估計值","是","未取得微資料、權數或官方客製表前不得產製18–35結果","與官方25–29表比對；設計加權、母體校準與標準誤查核","REF-DGBAS-HR；REF-DEVILLE1992","https://www.stat.gov.tw/News_Content.aspx?n=4001&s=236078"
"ARC-003","DGBAS-HR-T27","表27：15歲以上民間人口教育程度與年齡","民間人口數","25–29；30–34；35–39（目前擷取）","18–35","否","完整表中的15–24分組及單齡18、19、35；或人力資源調查微資料與權數","AR-M2-SURVEY-REESTIMATE；若取得單齡則AR-M1-EXACT-SUM","N(18–35)=N18+N19+N20–24+N25–29+N30–34+N35；調查表值須以未四捨五入分子重算，不可把百分比直接平均。","官方調查估計值","條件式","目前只有25–39分組，缺18–24且35與36–39混合","重算25–29；檢查加總與官方總計的四捨五入差","REF-DGBAS-HR","https://www.stat.gov.tw/News_Content.aspx?n=4001&s=236078"
"ARC-004","DGBAS-HR-T27+T32","表27與表32組合","就業人口比率","25–29","18–35","否","18–35各單齡或可完整涵蓋的就業人數E_a與民間人口P_a；或微資料權數","AR-M5-RATE-RECOMPUTE；優先AR-M2-SURVEY-REESTIMATE","R(18–35)=100×Σ_{a=18}^{35}E_a/Σ_{a=18}^{35}P_a；不得對各年齡率做算術平均。","官方調查估計值","條件式","僅有25–29比率不能外推18–35","用25–29分子分母重算官方率；分母一致性與四捨五入查核","REF-DGBAS-HR","https://www.stat.gov.tw/News_Content.aspx?n=4001&s=236078"
"ARC-005","DGBAS-HR-T32","表32：就業者教育程度與年齡","就業人數","25–29；30–34；35–39（目前擷取）","18–35","否","18–24及單齡35就業人數；或人力資源調查微資料與權數","AR-M2-SURVEY-REESTIMATE；若取得單齡則AR-M1-EXACT-SUM","E(18–35)=E18+E19+E20–24+E25–29+E30–34+E35；教育占比以各教育類別加權就業人數除以18–35總就業人數。","官方調查估計值","條件式","目前擷取缺18–24且35與36–39混合","與25–29官方表回算；教育類別加總與總就業人數核對","REF-DGBAS-HR","https://www.stat.gov.tw/News_Content.aspx?n=4001&s=236078"
"ARC-006","DGBAS-HR-T37","表37：年齡組別失業率","失業率","25–29（目前擷取）","18–35","否","18–35各單齡失業人數U_a與勞動力人口LF_a；或微資料與權數","AR-M5-RATE-RECOMPUTE；優先AR-M2-SURVEY-REESTIMATE","UR(18–35)=100×ΣU_a/ΣLF_a，a=18…35；年齡組率不得直接相加或平均。","官方調查估計值","條件式","只有率且缺分子分母時不可轉換","以25–29分子分母回算；調查標準誤與相對標準誤查核","REF-DGBAS-HR","https://www.stat.gov.tw/News_Content.aspx?n=4001&s=236078"
"ARC-007","DGBAS-HR-T50","表50：就業者教育程度－按年齡分","教育程度就業人數及占比","25–29（目前擷取）","18–35","否","18–35各單齡教育程度就業人數；或微資料與權數","AR-M2-SURVEY-REESTIMATE；若取得單齡則AR-M1-EXACT-SUM","N_e=Σw·I(18≤age≤35)·I(edu=e)；p_e=100×N_e/Σ_eN_e。不可用各年齡組百分比的簡單平均。","官方調查估計值","條件式","只有25–29表值不足以推估18–35","25–29重算；各教育類別占比合計與四捨五入差查核","REF-DGBAS-HR","https://www.stat.gov.tw/News_Content.aspx?n=4001&s=236078"
"ARC-008","DGBAS-HUF-WAGE-MICRODATA","人力運用調查微資料或官方客製表","薪資平均數","單一年齡（申請取得）","18–35","是","年齡、全年總薪資、調查權數、有效受僱者篩選欄位、抽樣設計欄位","AR-M6-WEIGHTED-MEAN","平均薪資 μ=Σw_i·salary_i/Σw_i，限制18≤age_i≤35且符合官方薪資母體定義；須依官方規則處理零值、遺漏與極端值。","官方調查估計值","是","未取得微資料、權數與母體定義前不得產製","與官方25–29平均數比對；權數、有效樣本數與極端值處理查核","REF-DGBAS-HR；REF-DEVILLE1992",""
"ARC-009","DGBAS-HUF-WAGE-MICRODATA","人力運用調查微資料或官方客製表","薪資中位數","單一年齡（申請取得）","18–35","是","年齡、全年總薪資、調查權數、有效受僱者篩選欄位、抽樣設計欄位","AR-M7-WEIGHTED-QUANTILE","加權中位數 m 為使累積權重首次達Σw/2的薪資值；限制18≤age≤35。不可由各組中位數加權或平均得到。","官方調查估計值","是","只有分組中位數而無微資料分布時無法轉換","與官方25–29中位數比對；加權累積分布與有效樣本數查核","REF-DGBAS-HR",""
"ARC-010","MOI-EDU5Y","15歲以上現住人口按性別、年齡、婚姻狀況及教育程度分","教育程度人數及占比","15–19；20–24；25–29；30–34；35–39…","18–35","否；20–34可整組納入，18、19、35需拆分","優先官方單齡×教育客製表；備援需MOI-POP1Y單齡人口、分組教育人數及非零種子矩陣","AR-M1-EXACT-SUM；備援AR-M3B-PCLM+AR-M3C-IPF","N_e(18–35)=N_e18+N_e19+N_e20–24+N_e25–29+N_e30–34+N_e35。備援：對各教育類別以PCLM分解單齡，再用IPF使單齡總人口符合MOI-POP1Y、教育分組總數符合原表，最後加總。","優先官方行政精確值；備援為模型估計值","條件式","不得依年齡寬度假設15–19均分後直接發布為官方精確值","合併回原5歲組須完全一致；18、19、35留一邊界回測；替代種子敏感度分析","REF-UN-SPRAGUE；REF-UN-WPP2024；REF-EILERS2007；REF-DEMING1940","https://data.gov.tw/dataset/117988"
"ARC-011","MOI-POP1Y","村里戶數、單一年齡人口","戶籍人口數及占比","單一年齡","18–35","是","無；占比另需同地理、同時點的總人口分母","AR-M1-EXACT-SUM；占比AR-M5-RATE-RECOMPUTE","N(18–35)=Σ_{a=18}^{35}N_a；占比=100×N(18–35)/N(全人口)。本案快照驗證：34,724+34,391+706,527+56,572=832,214人。","官方行政精確值","是","無；但必須鎖定同一統計日期、戶籍口徑與新北市地理範圍","逐年齡加總、行政區加總、全市總計與重複列查核","REF-MOI-POP1Y","https://data.gov.tw/dataset/77132"
"ARC-012","NTPC-EDU15P","十五歲以上人口教育程度結構","教育程度占比","15歲以上開放區間","18–35","否","年齡×教育程度人數表或微資料；本案可改用MOI-EDU5Y並處理邊界","AR-M4-BLOCK-CONTEXT","15歲以上單一占比無法識別18–35占比；若取得年齡×教育人數，改以p_e=Σ_{18}^{35}N_{a,e}/Σ_{18}^{35}N_a。","不可轉換；僅背景趨勢","否","開放年齡區間且只有比例，欠缺年齡交叉分布","只做來源定義與年度趨勢查核，不進18–35核心KPI","REF-IDENTIFIABILITY","https://data.ntpc.gov.tw/datasets/ffef3ed1-867e-4013-ade0-47cfdba44b2d"
"ARC-013","NTPC-EMPSTR","就業者年齡結構","就業者年齡結構占比","15–24；25–29；30–34；35–39","18–35","否；18–19與35需拆分","各單齡就業人數，或可驗證的15–24與35–39內部年齡分布；若只要占全體就業者比例另需一致總分母","AR-M2-SURVEY-REESTIMATE；備援AR-M3B-PCLM","18–35就業人數=E18+E19+E20–24+E25–29+E30–34+E35；占全體就業者比=該和/全體E；18–35內部年齡結構則再除以Σ_{18}^{35}E_a。","優先官方調查估計值；備援模型估計值","條件式","僅有四組占比且無單齡分布或分子人數，無法切出18、19、35","25–29原值回算；合併回原年齡組；分母口徑與占比合計查核","REF-DGBAS-HR；REF-EILERS2007","https://data.ntpc.gov.tw/datasets/c285509a-7fb2-434f-8542-0b4986c337a8"
"ARC-014","NTPC-POP","現住人口之年齡分配","人口數","5歲年齡組","18–35","否；邊界組需拆分","優先改接MOI-POP1Y單齡人口；若僅此來源則需相鄰5歲組及平滑假設","AR-M1-EXACT-SUM（改接MOI）；備援AR-M3A-SPRAGUE或AR-M3B-PCLM","優先直接Σ_{18}^{35}MOI單齡人口。若被迫由5歲組拆分，以Sprague乘數或PCLM估計x_a，再加總；結果標為模型估計，不得標為行政精確值。","本案採官方行政精確值；備援模型估計值","條件式","本地快照分頁未完整時僅可做資料品質檢查；不得以NTPC分組估計冒充MOI行政精確值","分頁總列數、合併回5歲組、與MOI同年月總人口比較","REF-UN-SPRAGUE；REF-UN-WPP2024；REF-EILERS2007","https://data.ntpc.gov.tw/datasets/8308ab58-62d1-424e-8314-24b65b7ab492"
"ARC-015","NTPC-UNEMP","失業率－年齡別","失業率","15–24；25–29；30–34；35–39","18–35","否；且來源只有率","各單齡失業人數U_a與勞動力人口LF_a；或人力資源調查微資料與權數","AR-M5-RATE-RECOMPUTE；優先AR-M2-SURVEY-REESTIMATE","UR(18–35)=100×Σ_{18}^{35}U_a/Σ_{18}^{35}LF_a。即使年齡組完全覆蓋，也不得用各組失業率的算術平均。","官方調查估計值","條件式","欠分子分母且18、19、35混在邊界組內","用25–29分子分母回算；標準誤、相對標準誤與年度一致性查核","REF-DGBAS-HR","https://data.ntpc.gov.tw/datasets/c29c80d4-bef1-452c-8d9a-659e72f07831"
"ARC-016","STAT-WAGE-EDU","表5：年齡×教育程度全年總薪資","薪資平均數","25–29；30–39","18–35","否","18–24與30–35的薪資總額及受僱人數；最佳為人力運用調查單齡微資料","AR-M6-WEIGHTED-MEAN；優先AR-M2-SURVEY-REESTIMATE","μ(18–35)=Σ_g n_gμ_g/Σ_g n_g，但g必須恰好切成18–24、25–29、30–35或單齡；30–39平均數不能靠人口比例切成30–35，因薪資與年齡相關。","官方調查估計值","條件式","缺18–24；30–39無法識別30–35；沒有各組受僱人數時也不能合併平均數","以25–29直接值驗證；微資料重算、有效樣本與教育口徑查核","REF-DGBAS-HR","https://www.stat.gov.tw/News_Content.aspx?n=4580&s=232642"
"ARC-017","STAT-WAGE-EDU","表5：年齡×教育程度全年總薪資","薪資中位數","25–29；30–39","18–35","否","18–35個體薪資微資料及權數，或完整加權薪資分布","AR-M7-WEIGHTED-QUANTILE","18–35加權中位數由合併後個體薪資累積權重達50%處取得；各年齡組中位數不能加權平均，也不能由25–29與30–39兩個中位數推回。","官方調查估計值","條件式","只有分組中位數，分布資訊不足且缺18–24與30–35切分","與25–29官方中位數比對；累積權重、樣本數及極端值處理查核","REF-DGBAS-HR","https://www.stat.gov.tw/News_Content.aspx?n=4580&s=232642"
"ARC-018","STAT-WAGE-LOC","表6：工作場所縣市×年齡全年總薪資","薪資平均數","25–29","18–35","否","新北市工作場所18–35單齡薪資總額與受僱人數，或微資料與權數","AR-M6-WEIGHTED-MEAN；優先AR-M2-SURVEY-REESTIMATE","μ_NTPC(18–35)=Σw_i·salary_i/Σw_i，限制工作場所為新北市且18≤age≤35；25–29平均數不得外推其他年齡。","官方調查估計值","條件式","只有25–29，沒有18–24與30–35資訊","以25–29重算官方值；工作場所與居住地口徑衝突查核","REF-DGBAS-HR","https://www.stat.gov.tw/News_Content.aspx?n=4580&s=232642"
"ARC-019","STAT-WAGE-LOC","表6：工作場所縣市×年齡全年總薪資","薪資中位數","25–29","18–35","否","新北市工作場所18–35個體薪資微資料及權數","AR-M7-WEIGHTED-QUANTILE","m_NTPC為工作場所新北市且18≤age≤35樣本之加權累積薪資分布達50%處；不得由25–29中位數外推。","官方調查估計值","條件式","只有25–29中位數且沒有完整分布","以25–29重算官方值；工作場所口徑、權數與有效樣本數查核","REF-DGBAS-HR","https://www.stat.gov.tw/News_Content.aspx?n=4580&s=232642"
