"method_code","method_name","minimum_inputs","calculation_steps","formula","uncertainty_method","required_uncertainty_output","acceptance_rule","prohibited_use","references"
"AR-M1-EXACT-SUM","單一年齡精確加總","同地理、同時點、同母體之18至35歲單齡人數","1篩選年齡18至35；2依所需地理與分類加總；3以行政區與全市總計交叉核對；4保存輸入快照與雜湊","N18_35=Σ_{a=18}^{35}N_a","非抽樣估計，不計模型信賴區間；另報完整性、重複列、加總差與版本差","資料品質旗標、加總差、來源日期、快照SHA-256","單齡加總與官方總計差為0或可由官方四捨五入規則解釋","不可跨年度、跨地理口徑加總；不可把缺值當0","REF-MOI-POP1Y"
"AR-M2-SURVEY-REESTIMATE","調查微資料設計加權重估","個體年齡、指標欄位、最終權數、分層與群集識別、官方母體定義","1套用官方有效樣本篩選；2限制18≤age≤35；3計算加權分子分母或統計量；4依原抽樣設計估變異數；5與25–29官方表回算","總數=Σw_i y_i；率=Σw_i n_i/Σw_i d_i","依官方抽樣設計採Taylor linearization或官方replicate weights；無replicate weights時採保留PSU結構之重抽樣","估計值、SE、95% CI、RSE、未加權樣本數n、加權母體數N","25–29回算在官方四捨五入容許差內；RSE達發布門檻；抽樣設計欄位完整","不可忽略權數；不可用一般獨立同分布bootstrap取代複雜抽樣設計","REF-DGBAS-HR；REF-DEVILLE1992"
"AR-M3A-SPRAGUE","Sprague乘數拆分","連續且定義一致的5歲人數組，通常需目標組前後相鄰組","1組成年齡組總數向量y；2依聯合國表選對應Sprague係數矩陣S；3計算單齡估計x_hat=S y；4檢查單齡非負；5加總18、19、20–34、35；6合併回原5歲組","x_hat=S y；Y_hat18_35=Σ_{18}^{35}x_hat_a","Sprague為決定性插值，不自帶SE；用已有單齡真值的歷史年度／行政區做遮蔽回測，採log誤差r=log(Y_hat/Y)的經驗分位數建立預測區間","估計值、回測bias、MAE、RMSE、95% empirical prediction interval、負值旗標","合併回原5歲組誤差為0；無負值；邊界回測誤差低於事前門檻；若失敗改用PCLM","不可在率、中位數或開放年齡組上直接使用；不可將模型估計標成官方精確值","REF-UN-SPRAGUE"
"AR-M3B-PCLM","Composite Link Model／PCLM","分組人數y、分組到單齡組成矩陣C、單齡B-spline基底B、平滑參數λ","1建立C與B；2令logγ=Bθ；3令μ=Cγ；4最大化Poisson對數概似減去差分懲罰；5以凍結的交叉驗證規則選λ；6取得γ_hat並加總18–35；7合併回原組","y_g~Poisson(μ_g)；μ=Cγ；logγ=Bθ；θ_hat=argmax{ℓ(y;θ)−λ||D^dθ||²/2}","以歷史單齡真值遮蔽回測為主要模型不確定性；另做parametric bootstrap重抽分組計數並重新配適，若行政總數非隨機則bootstrap僅作敏感度而非抽樣CI","估計值、λ、effective degrees of freedom、deviance、回測bias/MAE/RMSE、bootstrap或經驗95%區間","合併回原組在容許誤差內；非負；λ與程式版本凍結；優於寬度比例法基準","不可用於只有率而無分子分母；不可只報點估計；不可把Poisson區間誤稱行政資料抽樣誤差","REF-UN-WPP2024；REF-EILERS2007"
"AR-M3C-IPF","Iterative Proportional Fitting／IPF校準","非負種子交叉表m0、可信列邊際r與欄邊際c，結構性零值需先定義","1以正值種子表開始；2列縮放m_ij←m_ij·r_i/Σ_jm_ij；3欄縮放m_ij←m_ij·c_j/Σ_im_ij；4重複至最大邊際誤差小於ε；5加總18–35所需儲存格","列更新m_ij^(t+1/2)=m_ij^t r_i/m_i+^t；欄更新m_ij^(t+1)=m_ij^(t+1/2)c_j/m_+ j^(t+1/2)","IPF本身不創造未觀測資訊；以不同合理種子表、邊際版本與PCLM平滑參數做敏感度分析，另可對調查邊際做設計式bootstrap後重跑IPF","估計值、迭代次數、最大邊際差、不同種子結果範圍、95%敏感度／bootstrap區間","所有指定邊際在ε內一致；結構性零值合理；替代種子不改變主要政策排序","不可把IPF收斂誤差當統計不確定性；不可在邊際互相矛盾時強行收斂","REF-DEMING1940；REF-DEVILLE1992"
"AR-M5-RATE-RECOMPUTE","分子分母重算率","18–35可加總的分子與一致分母；調查資料另需權數與抽樣設計","1分別加總18–35分子；2加總同口徑分母；3相除；4核對分母定義與零分母","R18_35=Σnumerator_a/Σdenominator_a","行政分子分母只報資料品質；調查率依AR-M2估SE、95% CI與RSE","率、分子、分母、SE/95% CI/RSE（調查）、零分母旗標","用相同方法回算來源原生年齡組率並符合官方四捨五入","不可平均各年齡組率；不可混用不同母體分母","REF-DGBAS-HR"
"AR-M6-WEIGHTED-MEAN","加權平均數重算","各組平均數與對應人數，或個體值與權數；各組必須完全位於18–35","1確認母體與單位一致；2取得每組n_g與mean_g或個體權數；3算加權總和；4除以總權數；5查核有效樣本","mean18_35=Σn_g mean_g/Σn_g，或Σw_i y_i/Σw_i","調查資料依AR-M2設計式估計；若只有彙整表且人數本身為估計，需傳播其不確定性或標示未提供","平均數、SE、95% CI、RSE、有效n與加權N","25–29回算符合官方值；沒有跨越35歲的混合組；有效樣本達門檻","不可對各組平均數做無權平均；不可按人口比例拆30–39薪資平均數","REF-DGBAS-HR"
"AR-M7-WEIGHTED-QUANTILE","加權中位數／分位數重算","18–35個體值與權數，或足以重建累積分布的細格資料","1依值排序；2計算累積權重；3找第一個達目標分位權重的位置；4依官方分位數定義處理界點；5依抽樣設計估不確定性","Q_p=inf{y:F_w(y)≥p}；F_w(y)=Σw_i I(Y_i≤y)/Σw_i","優先使用replicate weights；否則採保留分層／PSU的設計式bootstrap，報分位數區間與有效樣本","中位數或分位數、95% CI、有效n、加權N、分位數定義","25–29回算符合官方值；區間與樣本門檻通過；分位數定義版本固定","不可平均各組中位數；不可只靠平均數與人數推回中位數","REF-DGBAS-HR"
"AR-M4-BLOCK-CONTEXT","不可識別／僅背景資料","缺關鍵邊界、分子分母、分布或年齡交叉資料","1記錄缺口；2列出可補資料；3保持原生年齡呈現；4阻擋18–35核心KPI","不計算","不產生估計區間；輸出阻擋原因與資料補件狀態","blocked_reason、required_auxiliary_data、human_review_id","所有缺口都被明列，前端不以0或舊值替代","不可為了完成圖表而假設均勻分布或靜默插值","REF-IDENTIFIABILITY"
